{"cameraMode":{"drawMode":0,"name":"Shaded","section":"Shading Mode"},"sceneLighting":true,"audioPlay":false,"sceneViewState":{"m_AlwaysRefresh":false,"showFog":true,"showSkybox":true,"showFlares":true,"showImageEffects":true,"showParticleSystems":true,"showVisualEffectGraphs":true,"m_FxEnabled":true},"in2DMode":false,"pivot":{"x":-1.6091289520263672,"y":-1.1944572925567628,"z":4.839044094085693},"rotation":{"x":0.0030014528892934324,"y":-0.004493212327361107,"z":-0.000012279248039703816,"w":-0.9999881982803345},"size":7.661441802978516,"orthographic":false}